sentiment,closed_pnl
Extreme Fear,34.53786207897196
Extreme Greed,67.89286133909282
Fear,54.2903996254993
Greed,42.74355948851957
Neutral,34.30771839807886
